qid,bpid,part_number,answerline,plays,parts,directed_count,directed_fraction,directed_accuracy,consulted_count,consulted_fraction,consulted_accuracy,abstain_count,abstain_fraction,abstain_accuracy
advvqa-packet1-b-0SeXVHLwDmbtOYEld4kE,advvqa-packet1-b-0SeXVHLwDmbtOYEld4kE#1,1,<b>_Elder Scrolls V_: _Skyrim_ (Accept either underlined part)</b>,5,5,5,1.000000,1.000000,0,0.000000,,0,0.000000,
advvqa-packet1-b-0SeXVHLwDmbtOYEld4kE,advvqa-packet1-b-0SeXVHLwDmbtOYEld4kE#2,2,"<b>_Grand Theft Auto IV_: Liberty City (accept _GTA4_, prompt on _Liberty City_)</b>",5,5,2,0.400000,1.000000,2,0.400000,1.000000,1,0.200000,1.000000
advvqa-packet1-b-0SeXVHLwDmbtOYEld4kE,advvqa-packet1-b-0SeXVHLwDmbtOYEld4kE#3,3,<b>Zelda: _Breath of the Wild_</b>,5,5,3,0.600000,1.000000,1,0.200000,1.000000,1,0.200000,1.000000
advvqa-packet1-b-1yNiVz7Urt147ll9mJRl,advvqa-packet1-b-1yNiVz7Urt147ll9mJRl#1,1,<b>Phnom Penh</b>,5,5,5,1.000000,0.800000,0,0.000000,,0,0.000000,
advvqa-packet1-b-1yNiVz7Urt147ll9mJRl,advvqa-packet1-b-1yNiVz7Urt147ll9mJRl#2,2,<b>Dili</b>,5,5,2,0.400000,1.000000,3,0.600000,1.000000,0,0.000000,
advvqa-packet1-b-1yNiVz7Urt147ll9mJRl,advvqa-packet1-b-1yNiVz7Urt147ll9mJRl#3,3,<b>Abuja</b>,5,5,1,0.200000,1.000000,2,0.400000,0.500000,2,0.400000,1.000000
advvqa-packet1-b-Cpw2itPWaf5wzgqdBbuo,advvqa-packet1-b-Cpw2itPWaf5wzgqdBbuo#1,1,<b>John _Steinbeck_ [accept _Steinbeck_]</b>,5,5,5,1.000000,1.000000,0,0.000000,,0,0.000000,
advvqa-packet1-b-Cpw2itPWaf5wzgqdBbuo,advvqa-packet1-b-Cpw2itPWaf5wzgqdBbuo#2,2,"<b>Absalom, Absalom</b>",5,5,4,0.800000,0.500000,1,0.200000,1.000000,0,0.000000,
advvqa-packet1-b-Cpw2itPWaf5wzgqdBbuo,advvqa-packet1-b-Cpw2itPWaf5wzgqdBbuo#3,3,<b>Treasure Island</b>,5,5,3,0.600000,1.000000,2,0.400000,0.500000,0,0.000000,
advvqa-packet1-b-IZATmmP6lpKFKDkc9MEB,advvqa-packet1-b-IZATmmP6lpKFKDkc9MEB#1,1,<b>Middlesex</b>,5,5,1,0.200000,1.000000,2,0.400000,1.000000,2,0.400000,1.000000
advvqa-packet1-b-IZATmmP6lpKFKDkc9MEB,advvqa-packet1-b-IZATmmP6lpKFKDkc9MEB#2,2,<b>Executioner's Song</b>,5,5,2,0.400000,0.000000,2,0.400000,1.000000,1,0.200000,1.000000
advvqa-packet1-b-IZATmmP6lpKFKDkc9MEB,advvqa-packet1-b-IZATmmP6lpKFKDkc9MEB#3,3,<b>A Confederacy of Dunces</b>,5,5,3,0.600000,1.000000,2,0.400000,1.000000,0,0.000000,
advvqa-packet1-b-JCjgMXNkKeHqdl8iPsDN,advvqa-packet1-b-JCjgMXNkKeHqdl8iPsDN#1,1,<b>Swiss</b>,5,5,2,0.400000,0.000000,2,0.400000,0.500000,1,0.200000,1.000000
advvqa-packet1-b-JCjgMXNkKeHqdl8iPsDN,advvqa-packet1-b-JCjgMXNkKeHqdl8iPsDN#2,2,<b>Qantas</b>,5,5,3,0.600000,1.000000,1,0.200000,1.000000,1,0.200000,1.000000
advvqa-packet1-b-JCjgMXNkKeHqdl8iPsDN,advvqa-packet1-b-JCjgMXNkKeHqdl8iPsDN#3,3,"<b>Air _Koryo_ (prompt on ""North Korea"")</b>",5,5,1,0.200000,0.000000,2,0.400000,0.500000,2,0.400000,1.000000
advvqa-packet1-b-L70hk4QrJWj64qPc4c56,advvqa-packet1-b-L70hk4QrJWj64qPc4c56#1,1,<b>Kon-Tiki</b>,5,5,2,0.400000,1.000000,3,0.600000,1.000000,0,0.000000,
advvqa-packet1-b-L70hk4QrJWj64qPc4c56,advvqa-packet1-b-L70hk4QrJWj64qPc4c56#2,2,<b>HMS _Beagle_</b>,5,5,3,0.600000,0.666667,2,0.400000,0.500000,0,0.000000,
advvqa-packet1-b-L70hk4QrJWj64qPc4c56,advvqa-packet1-b-L70hk4QrJWj64qPc4c56#3,3,<b>RMS _Lusitania_</b>,5,5,2,0.400000,1.000000,3,0.600000,1.000000,0,0.000000,
advvqa-packet1-b-Q8OEIjk5e00HUt7qls1u,advvqa-packet1-b-Q8OEIjk5e00HUt7qls1u#1,1,<b>Portuguese</b>,5,5,4,0.800000,1.000000,1,0.200000,1.000000,0,0.000000,
advvqa-packet1-b-Q8OEIjk5e00HUt7qls1u,advvqa-packet1-b-Q8OEIjk5e00HUt7qls1u#2,2,<b>Dutch</b>,5,5,5,1.000000,0.800000,0,0.000000,,0,0.000000,
advvqa-packet1-b-Q8OEIjk5e00HUt7qls1u,advvqa-packet1-b-Q8OEIjk5e00HUt7qls1u#3,3,<b>English</b>,5,5,3,0.600000,0.666667,2,0.400000,0.500000,0,0.000000,
advvqa-packet1-b-Qdb1qVk8sQdta9OwFiiN,advvqa-packet1-b-Qdb1qVk8sQdta9OwFiiN#1,1,<b>Mexico City</b>,5,5,5,1.000000,1.000000,0,0.000000,,0,0.000000,
advvqa-packet1-b-Qdb1qVk8sQdta9OwFiiN,advvqa-packet1-b-Qdb1qVk8sQdta9OwFiiN#2,2,<b>Tokyo</b>,5,5,5,1.000000,1.000000,0,0.000000,,0,0.000000,
advvqa-packet1-b-Qdb1qVk8sQdta9OwFiiN,advvqa-packet1-b-Qdb1qVk8sQdta9OwFiiN#3,3,<b>Lagos</b>,5,5,3,0.600000,1.000000,1,0.200000,1.000000,1,0.200000,1.000000
advvqa-packet1-b-W17Ks8EjNHFPE9YOOIjb,advvqa-packet1-b-W17Ks8EjNHFPE9YOOIjb#1,1,<b>The Emperor's New Groove</b>,5,5,2,0.400000,1.000000,3,0.600000,1.000000,0,0.000000,
advvqa-packet1-b-W17Ks8EjNHFPE9YOOIjb,advvqa-packet1-b-W17Ks8EjNHFPE9YOOIjb#2,2,<b>Indiana Jones and the _Raiders of the Lost Ark_</b>,5,5,2,0.400000,0.500000,1,0.200000,0.000000,2,0.400000,1.000000
advvqa-packet1-b-W17Ks8EjNHFPE9YOOIjb,advvqa-packet1-b-W17Ks8EjNHFPE9YOOIjb#3,3,<b>Casablanca</b>,5,5,2,0.400000,1.000000,3,0.600000,1.000000,0,0.000000,
advvqa-packet1-b-bVLhSOrl0rOBuoOxwKA4,advvqa-packet1-b-bVLhSOrl0rOBuoOxwKA4#1,1,<b>Belarus</b>,5,5,3,0.600000,0.666667,1,0.200000,0.000000,1,0.200000,1.000000
advvqa-packet1-b-bVLhSOrl0rOBuoOxwKA4,advvqa-packet1-b-bVLhSOrl0rOBuoOxwKA4#2,2,<b>Madhya Pradesh</b>,5,5,2,0.400000,0.500000,2,0.400000,0.000000,1,0.200000,1.000000
advvqa-packet1-b-bVLhSOrl0rOBuoOxwKA4,advvqa-packet1-b-bVLhSOrl0rOBuoOxwKA4#3,3,<b>_Caprivi_ strip or _Caprivi_zipfel [also accept _Itenge_ or _Okavango_ Panhandle]</b>,5,5,3,0.600000,0.333333,2,0.400000,0.500000,0,0.000000,
advvqa-packet1-b-fPFqEVUWBAK4x0xycyA7,advvqa-packet1-b-fPFqEVUWBAK4x0xycyA7#1,1,<b>St. Louis</b>,5,5,4,0.800000,1.000000,1,0.200000,0.000000,0,0.000000,
advvqa-packet1-b-fPFqEVUWBAK4x0xycyA7,advvqa-packet1-b-fPFqEVUWBAK4x0xycyA7#2,2,<b>Manaus</b>,5,5,3,0.600000,1.000000,2,0.400000,1.000000,0,0.000000,
advvqa-packet1-b-fPFqEVUWBAK4x0xycyA7,advvqa-packet1-b-fPFqEVUWBAK4x0xycyA7#3,3,<b>Chongqing</b>,5,5,2,0.400000,0.500000,3,0.600000,1.000000,0,0.000000,
advvqa-packet1-b-jD5KSAX5YOrDSojl9lEu,advvqa-packet1-b-jD5KSAX5YOrDSojl9lEu#1,1,<b>D (ORD and IAD)</b>,5,5,2,0.400000,0.500000,3,0.600000,0.666667,0,0.000000,
advvqa-packet1-b-jD5KSAX5YOrDSojl9lEu,advvqa-packet1-b-jD5KSAX5YOrDSojl9lEu#2,2,<b>W (BWI and MDW)</b>,5,5,2,0.400000,0.500000,2,0.400000,0.500000,1,0.200000,1.000000
advvqa-packet1-b-jD5KSAX5YOrDSojl9lEu,advvqa-packet1-b-jD5KSAX5YOrDSojl9lEu#3,3,<b>K (JFK and PEK)</b>,5,5,1,0.200000,1.000000,3,0.600000,0.666667,1,0.200000,1.000000
advvqa-packet1-b-jfGHO7KW8eoeGTv50xz7,advvqa-packet1-b-jfGHO7KW8eoeGTv50xz7#1,1,<b>_Guggenheim_ New York</b>,5,5,3,0.600000,1.000000,2,0.400000,1.000000,0,0.000000,
advvqa-packet1-b-jfGHO7KW8eoeGTv50xz7,advvqa-packet1-b-jfGHO7KW8eoeGTv50xz7#2,2,<b>Louvre</b>,5,5,5,1.000000,1.000000,0,0.000000,,0,0.000000,
advvqa-packet1-b-jfGHO7KW8eoeGTv50xz7,advvqa-packet1-b-jfGHO7KW8eoeGTv50xz7#3,3,<b>_Vasa_ Museum</b>,5,5,1,0.200000,0.000000,4,0.800000,1.000000,0,0.000000,
advvqa-packet1-b-lxSUo6ZNbRaa4LqQL4lh,advvqa-packet1-b-lxSUo6ZNbRaa4LqQL4lh#1,1,<b>Big 12</b>,5,5,3,0.600000,0.666667,2,0.400000,0.500000,0,0.000000,
advvqa-packet1-b-lxSUo6ZNbRaa4LqQL4lh,advvqa-packet1-b-lxSUo6ZNbRaa4LqQL4lh#2,2,<b>Atlantic Coast Conference (ACC)</b>,5,5,2,0.400000,1.000000,3,0.600000,1.000000,0,0.000000,
advvqa-packet1-b-lxSUo6ZNbRaa4LqQL4lh,advvqa-packet1-b-lxSUo6ZNbRaa4LqQL4lh#3,3,<b>Sun Belt</b>,5,5,0,0.000000,,5,1.000000,1.000000,0,0.000000,
advvqa-packet1-b-nnHuwWxHdkNpcqGIeNvj,advvqa-packet1-b-nnHuwWxHdkNpcqGIeNvj#1,1,<b>Sweden</b>,4,4,3,0.750000,1.000000,0,0.000000,,1,0.250000,1.000000
advvqa-packet1-b-nnHuwWxHdkNpcqGIeNvj,advvqa-packet1-b-nnHuwWxHdkNpcqGIeNvj#2,2,<b>Indonesia</b>,4,4,2,0.500000,1.000000,2,0.500000,1.000000,0,0.000000,
advvqa-packet1-b-nnHuwWxHdkNpcqGIeNvj,advvqa-packet1-b-nnHuwWxHdkNpcqGIeNvj#3,3,<b>Chile</b>,4,4,3,0.750000,0.333333,1,0.250000,1.000000,0,0.000000,
advvqa-packet1-b-rBVTER0aClahEXpwAMQm,advvqa-packet1-b-rBVTER0aClahEXpwAMQm#1,1,<b>Canada</b>,5,5,4,0.800000,1.000000,1,0.200000,1.000000,0,0.000000,
advvqa-packet1-b-rBVTER0aClahEXpwAMQm,advvqa-packet1-b-rBVTER0aClahEXpwAMQm#2,2,<b>Mali</b>,5,5,4,0.800000,1.000000,1,0.200000,1.000000,0,0.000000,
advvqa-packet1-b-rBVTER0aClahEXpwAMQm,advvqa-packet1-b-rBVTER0aClahEXpwAMQm#3,3,<b>Saudi Arabia</b>,5,5,1,0.200000,1.000000,4,0.800000,1.000000,0,0.000000,
advvqa-packet1-b-roeIVsFOmO5aMN36AV6Q,advvqa-packet1-b-roeIVsFOmO5aMN36AV6Q#1,1,<b>Liechtenstein</b>,5,5,2,0.400000,0.500000,3,0.600000,1.000000,0,0.000000,
advvqa-packet1-b-roeIVsFOmO5aMN36AV6Q,advvqa-packet1-b-roeIVsFOmO5aMN36AV6Q#2,2,<b>Canada</b>,5,5,1,0.200000,1.000000,4,0.800000,1.000000,0,0.000000,
advvqa-packet1-b-roeIVsFOmO5aMN36AV6Q,advvqa-packet1-b-roeIVsFOmO5aMN36AV6Q#3,3,<b>Italy</b>,5,5,2,0.400000,0.000000,2,0.400000,1.000000,1,0.200000,0.000000
advvqa-packet1-b-uxtYBnMflHjdtukTCogD,advvqa-packet1-b-uxtYBnMflHjdtukTCogD#1,1,<b>9</b>,5,5,4,0.800000,1.000000,1,0.200000,1.000000,0,0.000000,
advvqa-packet1-b-uxtYBnMflHjdtukTCogD,advvqa-packet1-b-uxtYBnMflHjdtukTCogD#2,2,<b>4</b>,5,5,5,1.000000,1.000000,0,0.000000,,0,0.000000,
advvqa-packet1-b-uxtYBnMflHjdtukTCogD,advvqa-packet1-b-uxtYBnMflHjdtukTCogD#3,3,<b>0</b>,5,5,2,0.400000,0.500000,3,0.600000,0.666667,0,0.000000,
advvqa-packet1-b-vkojuf092xAWYMRJcyHk,advvqa-packet1-b-vkojuf092xAWYMRJcyHk#1,1,<b>Moscow</b>,5,5,1,0.200000,1.000000,4,0.800000,1.000000,0,0.000000,
advvqa-packet1-b-vkojuf092xAWYMRJcyHk,advvqa-packet1-b-vkojuf092xAWYMRJcyHk#2,2,<b>Los Angeles</b>,5,5,2,0.400000,0.500000,1,0.200000,1.000000,2,0.400000,1.000000
advvqa-packet1-b-vkojuf092xAWYMRJcyHk,advvqa-packet1-b-vkojuf092xAWYMRJcyHk#3,3,<b>Copenhagen</b>,5,5,2,0.400000,1.000000,2,0.400000,1.000000,1,0.200000,1.000000
advvqa-packet1-b-x7QBIDWtVZGo2Z996dJE,advvqa-packet1-b-x7QBIDWtVZGo2Z996dJE#1,1,<b>Houston</b>,5,5,2,0.400000,1.000000,3,0.600000,1.000000,0,0.000000,
advvqa-packet1-b-x7QBIDWtVZGo2Z996dJE,advvqa-packet1-b-x7QBIDWtVZGo2Z996dJE#2,2,<b>Milwaukee</b>,5,5,1,0.200000,1.000000,4,0.800000,1.000000,0,0.000000,
advvqa-packet1-b-x7QBIDWtVZGo2Z996dJE,advvqa-packet1-b-x7QBIDWtVZGo2Z996dJE#3,3,<b>New Orleans</b>,5,5,1,0.200000,1.000000,4,0.800000,1.000000,0,0.000000,
advvqa-packet2-b-9VjQ9lBNO6rmQJmE7ftC,advvqa-packet2-b-9VjQ9lBNO6rmQJmE7ftC#1,1,<b>Adam</b>,5,5,5,1.000000,1.000000,0,0.000000,,0,0.000000,
advvqa-packet2-b-9VjQ9lBNO6rmQJmE7ftC,advvqa-packet2-b-9VjQ9lBNO6rmQJmE7ftC#2,2,<b>Masaccio</b>,5,5,4,0.800000,1.000000,1,0.200000,1.000000,0,0.000000,
advvqa-packet2-b-9VjQ9lBNO6rmQJmE7ftC,advvqa-packet2-b-9VjQ9lBNO6rmQJmE7ftC#3,3,<b>Ghent Altarpiece [or The Adoration of the Mystic Lamb]</b>,5,5,2,0.400000,1.000000,3,0.600000,1.000000,0,0.000000,
advvqa-packet2-b-CXdipkpdbYPo7ZbFSHfU,advvqa-packet2-b-CXdipkpdbYPo7ZbFSHfU#1,1,<b>balalaika</b>,5,5,3,0.600000,1.000000,2,0.400000,1.000000,0,0.000000,
advvqa-packet2-b-CXdipkpdbYPo7ZbFSHfU,advvqa-packet2-b-CXdipkpdbYPo7ZbFSHfU#2,2,<b>accordions</b>,5,5,5,1.000000,1.000000,0,0.000000,,0,0.000000,
advvqa-packet2-b-CXdipkpdbYPo7ZbFSHfU,advvqa-packet2-b-CXdipkpdbYPo7ZbFSHfU#3,3,<b>birds</b>,5,5,2,0.400000,0.500000,3,0.600000,0.666667,0,0.000000,
advvqa-packet2-b-E5t10mzhOkAY7T9MNEYL,advvqa-packet2-b-E5t10mzhOkAY7T9MNEYL#1,1,<b>Kopis</b>,5,5,1,0.200000,0.000000,4,0.800000,1.000000,0,0.000000,
advvqa-packet2-b-E5t10mzhOkAY7T9MNEYL,advvqa-packet2-b-E5t10mzhOkAY7T9MNEYL#2,2,<b>Hoplites</b>,5,5,3,0.600000,1.000000,2,0.400000,1.000000,0,0.000000,
advvqa-packet2-b-E5t10mzhOkAY7T9MNEYL,advvqa-packet2-b-E5t10mzhOkAY7T9MNEYL#3,3,<b>Sparta</b>,5,5,4,0.800000,1.000000,0,0.000000,,1,0.200000,0.000000
advvqa-packet2-b-Hk3eje8dauAH8GChRZ0r,advvqa-packet2-b-Hk3eje8dauAH8GChRZ0r#1,1,"<b>Go west, young man</b>",5,5,4,0.800000,1.000000,1,0.200000,1.000000,0,0.000000,
advvqa-packet2-b-Hk3eje8dauAH8GChRZ0r,advvqa-packet2-b-Hk3eje8dauAH8GChRZ0r#2,2,<b>Rain follows the plow</b>,5,5,3,0.600000,1.000000,1,0.200000,1.000000,1,0.200000,1.000000
advvqa-packet2-b-Hk3eje8dauAH8GChRZ0r,advvqa-packet2-b-Hk3eje8dauAH8GChRZ0r#3,3,<b>Bat Masterson</b>,5,5,0,0.000000,,5,1.000000,0.800000,0,0.000000,
advvqa-packet2-b-ITg3iLtqet63qneCW3ZB,advvqa-packet2-b-ITg3iLtqet63qneCW3ZB#1,1,<b>Starbucks</b>,5,5,5,1.000000,1.000000,0,0.000000,,0,0.000000,
advvqa-packet2-b-ITg3iLtqet63qneCW3ZB,advvqa-packet2-b-ITg3iLtqet63qneCW3ZB#2,2,<b>Caribou</b>,5,5,2,0.400000,1.000000,3,0.600000,0.333333,0,0.000000,
advvqa-packet2-b-ITg3iLtqet63qneCW3ZB,advvqa-packet2-b-ITg3iLtqet63qneCW3ZB#3,3,<b>Illy</b>,5,5,0,0.000000,,5,1.000000,0.800000,0,0.000000,
advvqa-packet2-b-LrBoBxSjQm3FcWsgeUbQ,advvqa-packet2-b-LrBoBxSjQm3FcWsgeUbQ#1,1,<b>Minas Gerais</b>,5,5,1,0.200000,1.000000,4,0.800000,1.000000,0,0.000000,
advvqa-packet2-b-LrBoBxSjQm3FcWsgeUbQ,advvqa-packet2-b-LrBoBxSjQm3FcWsgeUbQ#2,2,<b>Brazil</b>,5,5,4,0.800000,1.000000,1,0.200000,1.000000,0,0.000000,
advvqa-packet2-b-LrBoBxSjQm3FcWsgeUbQ,advvqa-packet2-b-LrBoBxSjQm3FcWsgeUbQ#3,3,<b>Brasilia</b>,5,5,1,0.200000,1.000000,4,0.800000,0.500000,0,0.000000,
advvqa-packet2-b-MAB7UJUemEjHoda8aW3o,advvqa-packet2-b-MAB7UJUemEjHoda8aW3o#1,1,<b>Canada</b>,5,5,5,1.000000,1.000000,0,0.000000,,0,0.000000,
advvqa-packet2-b-MAB7UJUemEjHoda8aW3o,advvqa-packet2-b-MAB7UJUemEjHoda8aW3o#2,2,<b>Victoria</b>,5,5,5,1.000000,0.800000,0,0.000000,,0,0.000000,
advvqa-packet2-b-MAB7UJUemEjHoda8aW3o,advvqa-packet2-b-MAB7UJUemEjHoda8aW3o#3,3,<b>Yellowhead Highway [or Yellowhead Pass]</b>,5,5,1,0.200000,0.000000,4,0.800000,1.000000,0,0.000000,
advvqa-packet2-b-MsnPvfQ1GANWnPJKPBkf,advvqa-packet2-b-MsnPvfQ1GANWnPJKPBkf#1,1,<b>Frederick Douglass</b>,5,5,5,1.000000,1.000000,0,0.000000,,0,0.000000,
advvqa-packet2-b-MsnPvfQ1GANWnPJKPBkf,advvqa-packet2-b-MsnPvfQ1GANWnPJKPBkf#2,2,<b>John Brown</b>,5,5,3,0.600000,0.333333,2,0.400000,1.000000,0,0.000000,
advvqa-packet2-b-MsnPvfQ1GANWnPJKPBkf,advvqa-packet2-b-MsnPvfQ1GANWnPJKPBkf#3,3,<b>Helen Pitts [accept Helen; accept Pitts; do not accept Douglass]</b>,5,5,0,0.000000,,5,1.000000,0.600000,0,0.000000,
advvqa-packet2-b-MvloRivBZY8ZBMJpTOKh,advvqa-packet2-b-MvloRivBZY8ZBMJpTOKh#1,1,<b>Battle of Iwo Jima</b>,5,5,5,1.000000,1.000000,0,0.000000,,0,0.000000,
advvqa-packet2-b-MvloRivBZY8ZBMJpTOKh,advvqa-packet2-b-MvloRivBZY8ZBMJpTOKh#2,2,<b>Douglas MacArthur [accept MacArthur]</b>,5,5,3,0.600000,0.666667,2,0.400000,1.000000,0,0.000000,
advvqa-packet2-b-MvloRivBZY8ZBMJpTOKh,advvqa-packet2-b-MvloRivBZY8ZBMJpTOKh#3,3,<b>Battle of Guadalcanal</b>,5,5,1,0.200000,1.000000,4,0.800000,1.000000,0,0.000000,
advvqa-packet2-b-N4ReI7qsJK7zvmJDICG3,advvqa-packet2-b-N4ReI7qsJK7zvmJDICG3#1,1,<b>Heracles [or Hercules]</b>,5,5,5,1.000000,1.000000,0,0.000000,,0,0.000000,
advvqa-packet2-b-N4ReI7qsJK7zvmJDICG3,advvqa-packet2-b-N4ReI7qsJK7zvmJDICG3#2,2,<b>Lysippos</b>,5,5,2,0.400000,0.500000,3,0.600000,1.000000,0,0.000000,
advvqa-packet2-b-N4ReI7qsJK7zvmJDICG3,advvqa-packet2-b-N4ReI7qsJK7zvmJDICG3#3,3,<b>apple [or Golden Apple of the Hesperides]</b>,5,5,3,0.600000,0.666667,2,0.400000,1.000000,0,0.000000,
advvqa-packet2-b-TUBSaSaCWhsEkCcYg8od,advvqa-packet2-b-TUBSaSaCWhsEkCcYg8od#1,1,<b>the Gate of Hell</b>,5,5,2,0.400000,1.000000,3,0.600000,1.000000,0,0.000000,
advvqa-packet2-b-TUBSaSaCWhsEkCcYg8od,advvqa-packet2-b-TUBSaSaCWhsEkCcYg8od#2,2,<b>Dante Alighieri [accept Dante]</b>,5,5,5,1.000000,1.000000,0,0.000000,,0,0.000000,
advvqa-packet2-b-TUBSaSaCWhsEkCcYg8od,advvqa-packet2-b-TUBSaSaCWhsEkCcYg8od#3,3,<b>thieves</b>,5,5,2,0.400000,0.500000,3,0.600000,1.000000,0,0.000000,
advvqa-packet2-b-Y1HNUojkbmGvcmuLbJzy,advvqa-packet2-b-Y1HNUojkbmGvcmuLbJzy#1,1,<b>Libya</b>,5,5,5,1.000000,1.000000,0,0.000000,,0,0.000000,
advvqa-packet2-b-Y1HNUojkbmGvcmuLbJzy,advvqa-packet2-b-Y1HNUojkbmGvcmuLbJzy#2,2,<b>AK-47 [accept machine gun; prompt on gun]</b>,5,5,5,1.000000,1.000000,0,0.000000,,0,0.000000,
advvqa-packet2-b-Y1HNUojkbmGvcmuLbJzy,advvqa-packet2-b-Y1HNUojkbmGvcmuLbJzy#3,3,<b>cranes [or grey crowned cranes]</b>,5,5,3,0.600000,0.000000,2,0.400000,1.000000,0,0.000000,
advvqa-packet2-b-dmJw487o6olYqnozXGtf,advvqa-packet2-b-dmJw487o6olYqnozXGtf#1,1,<b>Robert Frost</b>,5,5,2,0.400000,0.500000,3,0.600000,0.000000,0,0.000000,
advvqa-packet2-b-dmJw487o6olYqnozXGtf,advvqa-packet2-b-dmJw487o6olYqnozXGtf#2,2,<b>roads</b>,5,5,5,1.000000,1.000000,0,0.000000,,0,0.000000,
advvqa-packet2-b-dmJw487o6olYqnozXGtf,advvqa-packet2-b-dmJw487o6olYqnozXGtf#3,3,"<b>Out, Out</b>",5,5,2,0.400000,1.000000,3,0.600000,0.666667,0,0.000000,
advvqa-packet2-b-fSvWgAZNctiri89Hu7YT,advvqa-packet2-b-fSvWgAZNctiri89Hu7YT#1,1,<b>Edgar Allan Poe</b>,5,5,4,0.800000,0.750000,1,0.200000,1.000000,0,0.000000,
advvqa-packet2-b-fSvWgAZNctiri89Hu7YT,advvqa-packet2-b-fSvWgAZNctiri89Hu7YT#2,2,<b>The Pit and the Pendulum</b>,5,5,4,0.800000,1.000000,1,0.200000,1.000000,0,0.000000,
advvqa-packet2-b-fSvWgAZNctiri89Hu7YT,advvqa-packet2-b-fSvWgAZNctiri89Hu7YT#3,3,<b>For the love of God!</b>,5,5,0,0.000000,,4,0.800000,0.750000,1,0.200000,1.000000
advvqa-packet2-b-kToIbZ1PdvoDXK63Gq3C,advvqa-packet2-b-kToIbZ1PdvoDXK63Gq3C#1,1,<b>10</b>,5,5,4,0.800000,1.000000,1,0.200000,1.000000,0,0.000000,
advvqa-packet2-b-kToIbZ1PdvoDXK63Gq3C,advvqa-packet2-b-kToIbZ1PdvoDXK63Gq3C#2,2,<b>53</b>,5,5,3,0.600000,1.000000,2,0.400000,1.000000,0,0.000000,
advvqa-packet2-b-kToIbZ1PdvoDXK63Gq3C,advvqa-packet2-b-kToIbZ1PdvoDXK63Gq3C#3,3,<b>bags [or sacks; accept xiquipilli]</b>,5,5,0,0.000000,,5,1.000000,0.800000,0,0.000000,
advvqa-packet2-b-pOAjFMEpaeJRwOm4iYiA,advvqa-packet2-b-pOAjFMEpaeJRwOm4iYiA#1,1,<b>beryllium chloride [accept BeCl2]</b>,5,5,2,0.400000,0.500000,3,0.600000,1.000000,0,0.000000,
advvqa-packet2-b-pOAjFMEpaeJRwOm4iYiA,advvqa-packet2-b-pOAjFMEpaeJRwOm4iYiA#2,2,<b>trigonal planar</b>,5,5,5,1.000000,1.000000,0,0.000000,,0,0.000000,
advvqa-packet2-b-pOAjFMEpaeJRwOm4iYiA,advvqa-packet2-b-pOAjFMEpaeJRwOm4iYiA#3,3,<b>triiodide</b>,5,5,4,0.800000,0.250000,1,0.200000,1.000000,0,0.000000,
advvqa-packet2-b-phDW0Nb5YWdZDLUID6Uc,advvqa-packet2-b-phDW0Nb5YWdZDLUID6Uc#1,1,<b>Napoleon Bonaparte</b>,5,5,5,1.000000,1.000000,0,0.000000,,0,0.000000,
advvqa-packet2-b-phDW0Nb5YWdZDLUID6Uc,advvqa-packet2-b-phDW0Nb5YWdZDLUID6Uc#2,2,<b>Tuileries</b>,5,5,1,0.200000,1.000000,4,0.800000,1.000000,0,0.000000,
advvqa-packet2-b-phDW0Nb5YWdZDLUID6Uc,advvqa-packet2-b-phDW0Nb5YWdZDLUID6Uc#3,3,<b>Williams</b>,5,5,1,0.200000,0.000000,1,0.200000,1.000000,3,0.600000,1.000000
advvqa-packet2-b-tyKtCAGg2dI9ZyYhZrcn,advvqa-packet2-b-tyKtCAGg2dI9ZyYhZrcn#1,1,<b>rook</b>,5,5,5,1.000000,1.000000,0,0.000000,,0,0.000000,
advvqa-packet2-b-tyKtCAGg2dI9ZyYhZrcn,advvqa-packet2-b-tyKtCAGg2dI9ZyYhZrcn#2,2,<b>The Queen's Gambit</b>,5,5,2,0.400000,1.000000,3,0.600000,0.666667,0,0.000000,
advvqa-packet2-b-tyKtCAGg2dI9ZyYhZrcn,advvqa-packet2-b-tyKtCAGg2dI9ZyYhZrcn#3,3,<b>e6</b>,5,5,2,0.400000,0.000000,3,0.600000,1.000000,0,0.000000,
advvqa-packet2-b-uMQ0IEOXrY2U4EoBpm1M,advvqa-packet2-b-uMQ0IEOXrY2U4EoBpm1M#1,1,<b>Tiananmen Square</b>,5,5,5,1.000000,1.000000,0,0.000000,,0,0.000000,
advvqa-packet2-b-uMQ0IEOXrY2U4EoBpm1M,advvqa-packet2-b-uMQ0IEOXrY2U4EoBpm1M#2,2,<b>Goddess of Democracy [or Spirit of Democracy; or Spirit of Liberty]</b>,5,5,1,0.200000,1.000000,4,0.800000,1.000000,0,0.000000,
advvqa-packet2-b-uMQ0IEOXrY2U4EoBpm1M,advvqa-packet2-b-uMQ0IEOXrY2U4EoBpm1M#3,3,<b>iron rice bowl</b>,5,5,1,0.200000,1.000000,3,0.600000,0.333333,1,0.200000,1.000000
advvqa-packet2-b-yVSP2w7uG2t93ZoZRLqz,advvqa-packet2-b-yVSP2w7uG2t93ZoZRLqz#1,1,<b>Louis Braille</b>,4,4,4,1.000000,1.000000,0,0.000000,,0,0.000000,
advvqa-packet2-b-yVSP2w7uG2t93ZoZRLqz,advvqa-packet2-b-yVSP2w7uG2t93ZoZRLqz#2,2,<b>fun</b>,4,4,1,0.250000,0.000000,3,0.750000,0.000000,0,0.000000,
advvqa-packet2-b-yVSP2w7uG2t93ZoZRLqz,advvqa-packet2-b-yVSP2w7uG2t93ZoZRLqz#3,3,<b>mirror writing</b>,4,4,2,0.500000,1.000000,2,0.500000,1.000000,0,0.000000,
advvqa-packet3-b-4SbH77nDOJp3d4EPQA9e,advvqa-packet3-b-4SbH77nDOJp3d4EPQA9e#1,1,<b>Super Mario Galaxy 2</b>,5,5,1,0.200000,0.000000,0,0.000000,,4,0.800000,1.000000
advvqa-packet3-b-4SbH77nDOJp3d4EPQA9e,advvqa-packet3-b-4SbH77nDOJp3d4EPQA9e#2,2,<b>300 SL (Roadster)</b>,5,5,0,0.000000,,5,1.000000,0.600000,0,0.000000,
advvqa-packet3-b-4SbH77nDOJp3d4EPQA9e,advvqa-packet3-b-4SbH77nDOJp3d4EPQA9e#3,3,<b>Orbison</b>,5,5,1,0.200000,1.000000,2,0.400000,1.000000,2,0.400000,1.000000
advvqa-packet3-b-6eiGnV8rUnGVmskCiQNE,advvqa-packet3-b-6eiGnV8rUnGVmskCiQNE#1,1,<b>Tim Gunn</b>,5,5,0,0.000000,,4,0.800000,1.000000,1,0.200000,0.000000
advvqa-packet3-b-6eiGnV8rUnGVmskCiQNE,advvqa-packet3-b-6eiGnV8rUnGVmskCiQNE#2,2,<b>Penn Jillette</b>,5,5,2,0.400000,1.000000,3,0.600000,1.000000,0,0.000000,
advvqa-packet3-b-6eiGnV8rUnGVmskCiQNE,advvqa-packet3-b-6eiGnV8rUnGVmskCiQNE#3,3,<b>Joey Chestnut</b>,5,5,3,0.600000,1.000000,1,0.200000,1.000000,1,0.200000,1.000000
advvqa-packet3-b-BLExSLVdESqnSyJo3zGm,advvqa-packet3-b-BLExSLVdESqnSyJo3zGm#1,1,<b>Batman</b>,5,5,2,0.400000,1.000000,3,0.600000,0.000000,0,0.000000,
advvqa-packet3-b-BLExSLVdESqnSyJo3zGm,advvqa-packet3-b-BLExSLVdESqnSyJo3zGm#2,2,"<b>Star Trek The Next Generation, Star Trek TNG, prompt on Star Trek</b>",5,5,1,0.200000,1.000000,3,0.600000,1.000000,1,0.200000,1.000000
advvqa-packet3-b-BLExSLVdESqnSyJo3zGm,advvqa-packet3-b-BLExSLVdESqnSyJo3zGm#3,3,<b>(Shoujo Kakumei/Revolutionary Princess) Utena</b>,5,5,0,0.000000,,5,1.000000,1.000000,0,0.000000,
advvqa-packet3-b-ONKG87Klz56p26affrdR,advvqa-packet3-b-ONKG87Klz56p26affrdR#1,1,<b>Seattle Kraken</b>,5,5,2,0.400000,1.000000,3,0.600000,0.666667,0,0.000000,
advvqa-packet3-b-ONKG87Klz56p26affrdR,advvqa-packet3-b-ONKG87Klz56p26affrdR#2,2,<b>Anaheim Ducks</b>,5,5,1,0.200000,1.000000,3,0.600000,0.666667,1,0.200000,0.000000
advvqa-packet3-b-ONKG87Klz56p26affrdR,advvqa-packet3-b-ONKG87Klz56p26affrdR#3,3,<b>Nashville Predators</b>,5,5,2,0.400000,0.500000,2,0.400000,1.000000,1,0.200000,1.000000
advvqa-packet3-b-UjPfb6xPghtmdOFIMprn,advvqa-packet3-b-UjPfb6xPghtmdOFIMprn#1,1,<b>Search Party</b>,5,5,0,0.000000,,3,0.600000,0.000000,2,0.400000,1.000000
advvqa-packet3-b-UjPfb6xPghtmdOFIMprn,advvqa-packet3-b-UjPfb6xPghtmdOFIMprn#2,2,<b>Alia Shawkat</b>,5,5,1,0.200000,1.000000,2,0.400000,1.000000,2,0.400000,1.000000
advvqa-packet3-b-UjPfb6xPghtmdOFIMprn,advvqa-packet3-b-UjPfb6xPghtmdOFIMprn#3,3,<b>Arrested Development</b>,5,5,3,0.600000,1.000000,1,0.200000,1.000000,1,0.200000,1.000000
advvqa-packet3-b-YBQwaXjt8DnhJloIRLAz,advvqa-packet3-b-YBQwaXjt8DnhJloIRLAz#1,1,<b>For a Few Dollars More</b>,5,5,1,0.200000,1.000000,4,0.800000,1.000000,0,0.000000,
advvqa-packet3-b-YBQwaXjt8DnhJloIRLAz,advvqa-packet3-b-YBQwaXjt8DnhJloIRLAz#2,2,<b>Metal Gear</b>,5,5,1,0.200000,1.000000,4,0.800000,1.000000,0,0.000000,
advvqa-packet3-b-YBQwaXjt8DnhJloIRLAz,advvqa-packet3-b-YBQwaXjt8DnhJloIRLAz#3,3,<b>Team Fortress</b>,5,5,4,0.800000,1.000000,1,0.200000,1.000000,0,0.000000,
advvqa-packet3-b-Yo4hiZSSGbqYwDokUdMR,advvqa-packet3-b-Yo4hiZSSGbqYwDokUdMR#1,1,<b>Nutcracker</b>,4,4,0,0.000000,,4,1.000000,0.000000,0,0.000000,
advvqa-packet3-b-Yo4hiZSSGbqYwDokUdMR,advvqa-packet3-b-Yo4hiZSSGbqYwDokUdMR#2,2,<b>Giselle</b>,4,4,0,0.000000,,4,1.000000,1.000000,0,0.000000,
advvqa-packet3-b-Yo4hiZSSGbqYwDokUdMR,advvqa-packet3-b-Yo4hiZSSGbqYwDokUdMR#3,3,<b>Sleeping Beauty</b>,4,4,1,0.250000,1.000000,2,0.500000,0.000000,1,0.250000,1.000000
advvqa-packet3-b-ZKCgP29bWtkoBpAtB2RL,advvqa-packet3-b-ZKCgP29bWtkoBpAtB2RL#1,1,<b>Raising Cane's</b>,5,5,5,1.000000,1.000000,0,0.000000,,0,0.000000,
advvqa-packet3-b-ZKCgP29bWtkoBpAtB2RL,advvqa-packet3-b-ZKCgP29bWtkoBpAtB2RL#2,2,<b>White Castle</b>,5,5,5,1.000000,1.000000,0,0.000000,,0,0.000000,
advvqa-packet3-b-ZKCgP29bWtkoBpAtB2RL,advvqa-packet3-b-ZKCgP29bWtkoBpAtB2RL#3,3,<b>Burger King</b>,5,5,4,0.800000,1.000000,1,0.200000,1.000000,0,0.000000,
advvqa-packet3-b-bzhflpiTuOX2D1LUuCc4,advvqa-packet3-b-bzhflpiTuOX2D1LUuCc4#1,1,<b>Dr. No</b>,5,5,2,0.400000,0.000000,2,0.400000,0.500000,1,0.200000,1.000000
advvqa-packet3-b-bzhflpiTuOX2D1LUuCc4,advvqa-packet3-b-bzhflpiTuOX2D1LUuCc4#2,2,<b>Thunderball</b>,5,5,2,0.400000,0.000000,3,0.600000,0.666667,0,0.000000,
advvqa-packet3-b-bzhflpiTuOX2D1LUuCc4,advvqa-packet3-b-bzhflpiTuOX2D1LUuCc4#3,3,<b>Spy Who Loved Me</b>,5,5,1,0.200000,0.000000,4,0.800000,0.750000,0,0.000000,
advvqa-packet3-b-cXVzhjVfw0rno7WTzhuL,advvqa-packet3-b-cXVzhjVfw0rno7WTzhuL#1,1,<b>MacBeth</b>,5,5,4,0.800000,1.000000,1,0.200000,1.000000,0,0.000000,
advvqa-packet3-b-cXVzhjVfw0rno7WTzhuL,advvqa-packet3-b-cXVzhjVfw0rno7WTzhuL#2,2,<b>Whose Line Is It Anyway</b>,5,5,1,0.200000,1.000000,3,0.600000,1.000000,1,0.200000,1.000000
advvqa-packet3-b-cXVzhjVfw0rno7WTzhuL,advvqa-packet3-b-cXVzhjVfw0rno7WTzhuL#3,3,<b>Edward Scissorhands</b>,5,5,5,1.000000,1.000000,0,0.000000,,0,0.000000,
advvqa-packet3-b-d9Cb9JlBYfXpVF42szPr,advvqa-packet3-b-d9Cb9JlBYfXpVF42szPr#1,1,<b>Napoleon Dynamite</b>,5,5,0,0.000000,,5,1.000000,1.000000,0,0.000000,
advvqa-packet3-b-d9Cb9JlBYfXpVF42szPr,advvqa-packet3-b-d9Cb9JlBYfXpVF42szPr#2,2,<b>Fullmetal Alchemist</b>,5,5,2,0.400000,1.000000,3,0.600000,1.000000,0,0.000000,
advvqa-packet3-b-d9Cb9JlBYfXpVF42szPr,advvqa-packet3-b-d9Cb9JlBYfXpVF42szPr#3,3,<b>Portal</b>,5,5,3,0.600000,1.000000,1,0.200000,1.000000,1,0.200000,1.000000
advvqa-packet3-b-jcKUHDw334yMauf9RAIR,advvqa-packet3-b-jcKUHDw334yMauf9RAIR#1,1,<b>Simpsons</b>,5,5,0,0.000000,,2,0.400000,0.000000,3,0.600000,1.000000
advvqa-packet3-b-jcKUHDw334yMauf9RAIR,advvqa-packet3-b-jcKUHDw334yMauf9RAIR#2,2,<b>Tamagotchi</b>,5,5,4,0.800000,1.000000,1,0.200000,1.000000,0,0.000000,
advvqa-packet3-b-jcKUHDw334yMauf9RAIR,advvqa-packet3-b-jcKUHDw334yMauf9RAIR#3,3,<b>Attack on Titan</b>,5,5,4,0.800000,1.000000,1,0.200000,0.000000,0,0.000000,
advvqa-packet3-b-kzerchXe5W8OlwQ0fIt9,advvqa-packet3-b-kzerchXe5W8OlwQ0fIt9#1,1,<b>Over the Hedge</b>,5,5,2,0.400000,0.500000,3,0.600000,1.000000,0,0.000000,
advvqa-packet3-b-kzerchXe5W8OlwQ0fIt9,advvqa-packet3-b-kzerchXe5W8OlwQ0fIt9#2,2,<b>Wall-E</b>,5,5,3,0.600000,1.000000,2,0.400000,1.000000,0,0.000000,
advvqa-packet3-b-kzerchXe5W8OlwQ0fIt9,advvqa-packet3-b-kzerchXe5W8OlwQ0fIt9#3,3,<b>Shark Tale</b>,5,5,4,0.800000,0.500000,1,0.200000,1.000000,0,0.000000,
advvqa-packet3-b-loJyCQy0OKi0ovkJxpV6,advvqa-packet3-b-loJyCQy0OKi0ovkJxpV6#1,1,<b>Jaws</b>,5,5,4,0.800000,1.000000,1,0.200000,1.000000,0,0.000000,
advvqa-packet3-b-loJyCQy0OKi0ovkJxpV6,advvqa-packet3-b-loJyCQy0OKi0ovkJxpV6#2,2,<b>The Polar Express</b>,5,5,0,0.000000,,5,1.000000,1.000000,0,0.000000,
advvqa-packet3-b-loJyCQy0OKi0ovkJxpV6,advvqa-packet3-b-loJyCQy0OKi0ovkJxpV6#3,3,<b>Myst</b>,5,5,1,0.200000,1.000000,4,0.800000,1.000000,0,0.000000,
advvqa-packet3-b-r5rihudcKdLdScE2rzk9,advvqa-packet3-b-r5rihudcKdLdScE2rzk9#1,1,"<b>Skywalker, Sky-Walker, Sky Walker</b>",5,5,3,0.600000,1.000000,2,0.400000,1.000000,0,0.000000,
advvqa-packet3-b-r5rihudcKdLdScE2rzk9,advvqa-packet3-b-r5rihudcKdLdScE2rzk9#2,2,<b>Chesterton</b>,5,5,1,0.200000,1.000000,4,0.800000,1.000000,0,0.000000,
advvqa-packet3-b-r5rihudcKdLdScE2rzk9,advvqa-packet3-b-r5rihudcKdLdScE2rzk9#3,3,<b>Swamp Thing</b>,5,5,1,0.200000,1.000000,4,0.800000,1.000000,0,0.000000,
advvqa-packet3-b-rdBFzeM4y9sHCVQfaFs4,advvqa-packet3-b-rdBFzeM4y9sHCVQfaFs4#1,1,<b>Carl Wilson</b>,5,5,2,0.400000,0.000000,3,0.600000,0.333333,0,0.000000,
advvqa-packet3-b-rdBFzeM4y9sHCVQfaFs4,advvqa-packet3-b-rdBFzeM4y9sHCVQfaFs4#2,2,<b>Mel B (Scary Spice)</b>,5,5,2,0.400000,1.000000,3,0.600000,0.333333,0,0.000000,
advvqa-packet3-b-rdBFzeM4y9sHCVQfaFs4,advvqa-packet3-b-rdBFzeM4y9sHCVQfaFs4#3,3,<b>Gene Simmons (The Demon)</b>,5,5,3,0.600000,1.000000,2,0.400000,0.500000,0,0.000000,
advvqa-packet3-b-t2HZ3kTSmoXtErgbe2m8,advvqa-packet3-b-t2HZ3kTSmoXtErgbe2m8#1,1,<b>Too Hot to Handle</b>,5,5,1,0.200000,1.000000,4,0.800000,0.500000,0,0.000000,
advvqa-packet3-b-t2HZ3kTSmoXtErgbe2m8,advvqa-packet3-b-t2HZ3kTSmoXtErgbe2m8#2,2,<b>Perfect Match</b>,5,5,1,0.200000,0.000000,4,0.800000,0.750000,0,0.000000,
advvqa-packet3-b-t2HZ3kTSmoXtErgbe2m8,advvqa-packet3-b-t2HZ3kTSmoXtErgbe2m8#3,3,<b>Million Dollar Secret</b>,5,5,0,0.000000,,4,0.800000,0.000000,1,0.200000,1.000000
advvqa-packet3-b-v2rXBD7yUVqYjIM179JE,advvqa-packet3-b-v2rXBD7yUVqYjIM179JE#1,1,<b>(I've Had) The Time of My Life</b>,5,5,0,0.000000,,2,0.400000,0.500000,3,0.600000,1.000000
advvqa-packet3-b-v2rXBD7yUVqYjIM179JE,advvqa-packet3-b-v2rXBD7yUVqYjIM179JE#2,2,<b>Where You Are</b>,5,5,0,0.000000,,3,0.600000,0.333333,2,0.400000,1.000000
advvqa-packet3-b-v2rXBD7yUVqYjIM179JE,advvqa-packet3-b-v2rXBD7yUVqYjIM179JE#3,3,<b>Promiscuous</b>,5,5,1,0.200000,0.000000,3,0.600000,1.000000,1,0.200000,1.000000
advvqa-packet3-b-xQjomkAyJTFMM6ZMoLpD,advvqa-packet3-b-xQjomkAyJTFMM6ZMoLpD#1,1,<b>Tucker Carlson</b>,5,5,2,0.400000,1.000000,1,0.200000,0.000000,2,0.400000,1.000000
advvqa-packet3-b-xQjomkAyJTFMM6ZMoLpD,advvqa-packet3-b-xQjomkAyJTFMM6ZMoLpD#2,2,<b>Keith Morrison</b>,5,5,0,0.000000,,4,0.800000,0.000000,1,0.200000,1.000000
advvqa-packet3-b-xQjomkAyJTFMM6ZMoLpD,advvqa-packet3-b-xQjomkAyJTFMM6ZMoLpD#3,3,<b>James Brown</b>,5,5,2,0.400000,0.500000,2,0.400000,1.000000,1,0.200000,1.000000
advvqa-packet3-b-yz1HsdJ9KiZEhgKzaKhU,advvqa-packet3-b-yz1HsdJ9KiZEhgKzaKhU#1,1,<b>The Lobster</b>,4,4,3,0.750000,1.000000,0,0.000000,,1,0.250000,1.000000
advvqa-packet3-b-yz1HsdJ9KiZEhgKzaKhU,advvqa-packet3-b-yz1HsdJ9KiZEhgKzaKhU#2,2,<b>Nine Lives</b>,4,4,1,0.250000,1.000000,2,0.500000,1.000000,1,0.250000,1.000000
advvqa-packet3-b-yz1HsdJ9KiZEhgKzaKhU,advvqa-packet3-b-yz1HsdJ9KiZEhgKzaKhU#3,3,<b>The Shaggy Dog</b>,4,4,0,0.000000,,3,0.750000,1.000000,1,0.250000,1.000000
advvqa-packet4-b-2BG4UBOVzSW0gRjA32mS,advvqa-packet4-b-2BG4UBOVzSW0gRjA32mS#1,1,<b>Carmen</b>,5,5,2,0.400000,1.000000,3,0.600000,1.000000,0,0.000000,
advvqa-packet4-b-2BG4UBOVzSW0gRjA32mS,advvqa-packet4-b-2BG4UBOVzSW0gRjA32mS#2,2,<b>Tatiana</b>,5,5,1,0.200000,1.000000,3,0.600000,1.000000,1,0.200000,1.000000
advvqa-packet4-b-2BG4UBOVzSW0gRjA32mS,advvqa-packet4-b-2BG4UBOVzSW0gRjA32mS#3,3,<b>Figaro</b>,5,5,0,0.000000,,5,1.000000,1.000000,0,0.000000,
advvqa-packet4-b-56cbhp0FfN8GmEh3xEEt,advvqa-packet4-b-56cbhp0FfN8GmEh3xEEt#1,1,<b>Peru</b>,4,4,2,0.500000,1.000000,1,0.250000,1.000000,1,0.250000,1.000000
advvqa-packet4-b-56cbhp0FfN8GmEh3xEEt,advvqa-packet4-b-56cbhp0FfN8GmEh3xEEt#2,2,<b>South Korea</b>,4,4,2,0.500000,0.500000,1,0.250000,1.000000,1,0.250000,1.000000
advvqa-packet4-b-56cbhp0FfN8GmEh3xEEt,advvqa-packet4-b-56cbhp0FfN8GmEh3xEEt#3,3,<b>St. Lucia</b>,4,4,0,0.000000,,1,0.250000,0.000000,3,0.750000,1.000000
advvqa-packet4-b-ENzwKPPns9EUzeByrVyv,advvqa-packet4-b-ENzwKPPns9EUzeByrVyv#1,1,<b>San Antonio</b>,5,5,0,0.000000,,4,0.800000,1.000000,1,0.200000,1.000000
advvqa-packet4-b-ENzwKPPns9EUzeByrVyv,advvqa-packet4-b-ENzwKPPns9EUzeByrVyv#2,2,<b>Pasadena</b>,5,5,2,0.400000,1.000000,3,0.600000,1.000000,0,0.000000,
advvqa-packet4-b-ENzwKPPns9EUzeByrVyv,advvqa-packet4-b-ENzwKPPns9EUzeByrVyv#3,3,<b>Boston</b>,5,5,0,0.000000,,3,0.600000,1.000000,2,0.400000,0.500000
advvqa-packet4-b-KmqloGoz75kLD8EJFXKm,advvqa-packet4-b-KmqloGoz75kLD8EJFXKm#1,1,<b>Edinburgh</b>,5,5,0,0.000000,,4,0.800000,0.750000,1,0.200000,1.000000
advvqa-packet4-b-KmqloGoz75kLD8EJFXKm,advvqa-packet4-b-KmqloGoz75kLD8EJFXKm#2,2,<b>London</b>,5,5,5,1.000000,1.000000,0,0.000000,,0,0.000000,
advvqa-packet4-b-KmqloGoz75kLD8EJFXKm,advvqa-packet4-b-KmqloGoz75kLD8EJFXKm#3,3,<b>Berlin</b>,5,5,4,0.800000,0.750000,1,0.200000,1.000000,0,0.000000,
advvqa-packet4-b-LKmMVniSIVg8XOa3p2Wy,advvqa-packet4-b-LKmMVniSIVg8XOa3p2Wy#1,1,<b>The Milkmaid [accept The Kitchen Maid]</b>,5,5,0,0.000000,,3,0.600000,0.333333,2,0.400000,1.000000
advvqa-packet4-b-LKmMVniSIVg8XOa3p2Wy,advvqa-packet4-b-LKmMVniSIVg8XOa3p2Wy#2,2,<b>The Allegory of Painting [accept The Art of Painting]</b>,5,5,2,0.400000,0.500000,2,0.400000,1.000000,1,0.200000,1.000000
advvqa-packet4-b-LKmMVniSIVg8XOa3p2Wy,advvqa-packet4-b-LKmMVniSIVg8XOa3p2Wy#3,3,<b>Girl with a Pearl Earring</b>,5,5,3,0.600000,1.000000,1,0.200000,1.000000,1,0.200000,1.000000
advvqa-packet4-b-LmjDJkvMoEaXm5ByTPZj,advvqa-packet4-b-LmjDJkvMoEaXm5ByTPZj#1,1,<b>Louvre</b>,5,5,2,0.400000,1.000000,2,0.400000,1.000000,1,0.200000,0.000000
advvqa-packet4-b-LmjDJkvMoEaXm5ByTPZj,advvqa-packet4-b-LmjDJkvMoEaXm5ByTPZj#2,2,<b>Prado</b>,5,5,3,0.600000,1.000000,2,0.400000,1.000000,0,0.000000,
advvqa-packet4-b-LmjDJkvMoEaXm5ByTPZj,advvqa-packet4-b-LmjDJkvMoEaXm5ByTPZj#3,3,<b>Art Institute of Chicago</b>,5,5,4,0.800000,0.500000,1,0.200000,1.000000,0,0.000000,
advvqa-packet4-b-MDcml0H3P5wwYlhjZdDr,advvqa-packet4-b-MDcml0H3P5wwYlhjZdDr#1,1,<b>aye-aye</b>,5,5,3,0.600000,0.333333,1,0.200000,0.000000,1,0.200000,1.000000
advvqa-packet4-b-MDcml0H3P5wwYlhjZdDr,advvqa-packet4-b-MDcml0H3P5wwYlhjZdDr#2,2,<b>wombat</b>,5,5,3,0.600000,0.666667,2,0.400000,0.500000,0,0.000000,
advvqa-packet4-b-MDcml0H3P5wwYlhjZdDr,advvqa-packet4-b-MDcml0H3P5wwYlhjZdDr#3,3,<b>kea</b>,5,5,4,0.800000,0.750000,1,0.200000,0.000000,0,0.000000,
advvqa-packet4-b-P1a1EhFU5deRhjv1AWyS,advvqa-packet4-b-P1a1EhFU5deRhjv1AWyS#1,1,<b>north</b>,5,5,1,0.200000,1.000000,4,0.800000,1.000000,0,0.000000,
advvqa-packet4-b-P1a1EhFU5deRhjv1AWyS,advvqa-packet4-b-P1a1EhFU5deRhjv1AWyS#2,2,<b>port</b>,5,5,3,0.600000,1.000000,2,0.400000,1.000000,0,0.000000,
advvqa-packet4-b-P1a1EhFU5deRhjv1AWyS,advvqa-packet4-b-P1a1EhFU5deRhjv1AWyS#3,3,<b>black</b>,5,5,3,0.600000,0.666667,1,0.200000,0.000000,1,0.200000,1.000000
advvqa-packet4-b-TlZYFJa3StApguWEpOkb,advvqa-packet4-b-TlZYFJa3StApguWEpOkb#1,1,<b>Red Sea</b>,5,5,2,0.400000,1.000000,2,0.400000,0.500000,1,0.200000,1.000000
advvqa-packet4-b-TlZYFJa3StApguWEpOkb,advvqa-packet4-b-TlZYFJa3StApguWEpOkb#2,2,<b>Lake Titicaca</b>,5,5,1,0.200000,0.000000,1,0.200000,0.000000,3,0.600000,1.000000
advvqa-packet4-b-TlZYFJa3StApguWEpOkb,advvqa-packet4-b-TlZYFJa3StApguWEpOkb#3,3,<b>Caspian Sea</b>,5,5,2,0.400000,1.000000,2,0.400000,0.000000,1,0.200000,1.000000
advvqa-packet4-b-UuoephrMMiqiFSr4Ycvn,advvqa-packet4-b-UuoephrMMiqiFSr4Ycvn#1,1,<b>Contralto [or alto]</b>,5,5,2,0.400000,0.500000,3,0.600000,0.666667,0,0.000000,
advvqa-packet4-b-UuoephrMMiqiFSr4Ycvn,advvqa-packet4-b-UuoephrMMiqiFSr4Ycvn#2,2,<b>Soprano</b>,5,5,3,0.600000,1.000000,2,0.400000,1.000000,0,0.000000,
advvqa-packet4-b-UuoephrMMiqiFSr4Ycvn,advvqa-packet4-b-UuoephrMMiqiFSr4Ycvn#3,3,<b>Tenor</b>,5,5,4,0.800000,1.000000,1,0.200000,1.000000,0,0.000000,
advvqa-packet4-b-bqQk9A6lTYVfwzNnVG2N,advvqa-packet4-b-bqQk9A6lTYVfwzNnVG2N#1,1,<b>jollof rice</b>,5,5,2,0.400000,0.500000,1,0.200000,0.000000,2,0.400000,1.000000
advvqa-packet4-b-bqQk9A6lTYVfwzNnVG2N,advvqa-packet4-b-bqQk9A6lTYVfwzNnVG2N#2,2,<b>Mocha/Mokha/Mukha</b>,5,5,1,0.200000,0.000000,3,0.600000,1.000000,1,0.200000,0.000000
advvqa-packet4-b-bqQk9A6lTYVfwzNnVG2N,advvqa-packet4-b-bqQk9A6lTYVfwzNnVG2N#3,3,<b>Mediterranean Sea</b>,5,5,1,0.200000,1.000000,1,0.200000,0.000000,3,0.600000,1.000000
advvqa-packet4-b-eHzzmH3cGhitonhUqV84,advvqa-packet4-b-eHzzmH3cGhitonhUqV84#1,1,<b>Swan Lake</b>,5,5,5,1.000000,1.000000,0,0.000000,,0,0.000000,
advvqa-packet4-b-eHzzmH3cGhitonhUqV84,advvqa-packet4-b-eHzzmH3cGhitonhUqV84#2,2,<b>Don Quixote</b>,5,5,0,0.000000,,5,1.000000,1.000000,0,0.000000,
advvqa-packet4-b-eHzzmH3cGhitonhUqV84,advvqa-packet4-b-eHzzmH3cGhitonhUqV84#3,3,<b>Rodeo</b>,5,5,2,0.400000,0.500000,3,0.600000,1.000000,0,0.000000,
advvqa-packet4-b-fIx0tZH6tM6Mgo0Pl54W,advvqa-packet4-b-fIx0tZH6tM6Mgo0Pl54W#1,1,<b>Istanbulgaria</b>,2,2,2,1.000000,0.500000,0,0.000000,,0,0.000000,
advvqa-packet4-b-fIx0tZH6tM6Mgo0Pl54W,advvqa-packet4-b-fIx0tZH6tM6Mgo0Pl54W#2,2,<b>Chimborazores</b>,2,2,0,0.000000,,2,1.000000,1.000000,0,0.000000,
advvqa-packet4-b-fIx0tZH6tM6Mgo0Pl54W,advvqa-packet4-b-fIx0tZH6tM6Mgo0Pl54W#3,3,<b>Banguilla</b>,2,2,0,0.000000,,2,1.000000,1.000000,0,0.000000,
advvqa-packet4-b-hU9AyK84Jdf1Y6c0bOKp,advvqa-packet4-b-hU9AyK84Jdf1Y6c0bOKp#1,1,<b>Frida Kahlo</b>,5,5,3,0.600000,0.333333,2,0.400000,0.000000,0,0.000000,
advvqa-packet4-b-hU9AyK84Jdf1Y6c0bOKp,advvqa-packet4-b-hU9AyK84Jdf1Y6c0bOKp#2,2,<b>George Washington</b>,5,5,5,1.000000,1.000000,0,0.000000,,0,0.000000,
advvqa-packet4-b-hU9AyK84Jdf1Y6c0bOKp,advvqa-packet4-b-hU9AyK84Jdf1Y6c0bOKp#3,3,<b>Mona Lisa [accept Lisa del Giocondo; accept La Gioconda]</b>,5,5,5,1.000000,1.000000,0,0.000000,,0,0.000000,
advvqa-packet4-b-m6WOzxh1Y7LF5nFnxAfw,advvqa-packet4-b-m6WOzxh1Y7LF5nFnxAfw#1,1,<b>Mozambique</b>,5,5,3,0.600000,1.000000,1,0.200000,1.000000,1,0.200000,0.000000
advvqa-packet4-b-m6WOzxh1Y7LF5nFnxAfw,advvqa-packet4-b-m6WOzxh1Y7LF5nFnxAfw#2,2,<b>Kyrgyzstan</b>,5,5,0,0.000000,,4,0.800000,0.250000,1,0.200000,1.000000
advvqa-packet4-b-m6WOzxh1Y7LF5nFnxAfw,advvqa-packet4-b-m6WOzxh1Y7LF5nFnxAfw#3,3,<b>Papua New Guinea</b>,5,5,3,0.600000,0.333333,2,0.400000,1.000000,0,0.000000,
advvqa-packet4-b-pcAndeCbBOtM2yraTYNF,advvqa-packet4-b-pcAndeCbBOtM2yraTYNF#1,1,<b>Gateway Arch</b>,5,5,2,0.400000,0.000000,3,0.600000,0.333333,0,0.000000,
advvqa-packet4-b-pcAndeCbBOtM2yraTYNF,advvqa-packet4-b-pcAndeCbBOtM2yraTYNF#2,2,<b>Christ the Redeemer</b>,5,5,2,0.400000,0.500000,3,0.600000,0.666667,0,0.000000,
advvqa-packet4-b-pcAndeCbBOtM2yraTYNF,advvqa-packet4-b-pcAndeCbBOtM2yraTYNF#3,3,<b>Petronas Towers (or Petronas Twin Towers)</b>,5,5,3,0.600000,1.000000,1,0.200000,1.000000,1,0.200000,1.000000
advvqa-packet4-b-uSO62CnzwnuvORxgPL3I,advvqa-packet4-b-uSO62CnzwnuvORxgPL3I#1,1,<b>Piano</b>,5,5,5,1.000000,1.000000,0,0.000000,,0,0.000000,
advvqa-packet4-b-uSO62CnzwnuvORxgPL3I,advvqa-packet4-b-uSO62CnzwnuvORxgPL3I#2,2,<b>Violin</b>,5,5,4,0.800000,1.000000,1,0.200000,0.000000,0,0.000000,
advvqa-packet4-b-uSO62CnzwnuvORxgPL3I,advvqa-packet4-b-uSO62CnzwnuvORxgPL3I#3,3,<b>Cello</b>,5,5,2,0.400000,1.000000,2,0.400000,1.000000,1,0.200000,1.000000
advvqa-packet4-b-v634Lk5xHSat6ltEL0gf,advvqa-packet4-b-v634Lk5xHSat6ltEL0gf#1,1,"<b>Mongolia, China</b>",5,5,2,0.400000,1.000000,2,0.400000,0.500000,1,0.200000,1.000000
advvqa-packet4-b-v634Lk5xHSat6ltEL0gf,advvqa-packet4-b-v634Lk5xHSat6ltEL0gf#2,2,"<b>Thailand, Myanmar</b>",5,5,0,0.000000,,4,0.800000,0.000000,1,0.200000,1.000000
advvqa-packet4-b-v634Lk5xHSat6ltEL0gf,advvqa-packet4-b-v634Lk5xHSat6ltEL0gf#3,3,"<b>Democratic Republic of the Congo (or DRC), Zambia</b>",5,5,0,0.000000,,1,0.200000,0.000000,4,0.800000,1.000000
advvqa-packet4-b-vv1seeDRWcei0NEoFjr6,advvqa-packet4-b-vv1seeDRWcei0NEoFjr6#1,1,<b>Didgeridoo</b>,5,5,5,1.000000,1.000000,0,0.000000,,0,0.000000,
advvqa-packet4-b-vv1seeDRWcei0NEoFjr6,advvqa-packet4-b-vv1seeDRWcei0NEoFjr6#2,2,<b>India</b>,5,5,5,1.000000,1.000000,0,0.000000,,0,0.000000,
advvqa-packet4-b-vv1seeDRWcei0NEoFjr6,advvqa-packet4-b-vv1seeDRWcei0NEoFjr6#3,3,<b>Russia</b>,5,5,2,0.400000,0.000000,3,0.600000,0.333333,0,0.000000,
advvqa-packet4-b-xO8oeYpn6ZRIaYEq5q23,advvqa-packet4-b-xO8oeYpn6ZRIaYEq5q23#1,1,<b>The Phantom of the Opera</b>,5,5,3,0.600000,1.000000,2,0.400000,1.000000,0,0.000000,
advvqa-packet4-b-xO8oeYpn6ZRIaYEq5q23,advvqa-packet4-b-xO8oeYpn6ZRIaYEq5q23#2,2,<b>The Book of Mormon</b>,5,5,3,0.600000,1.000000,2,0.400000,0.000000,0,0.000000,
advvqa-packet4-b-xO8oeYpn6ZRIaYEq5q23,advvqa-packet4-b-xO8oeYpn6ZRIaYEq5q23#3,3,<b>Matilda</b>,5,5,0,0.000000,,0,0.000000,,5,1.000000,1.000000
advvqa-packet5-b-A0sybq8aS0vV0YnE68wa,advvqa-packet5-b-A0sybq8aS0vV0YnE68wa#1,1,<b>Controlled NOT gate/CNOT gate</b>,1,1,1,1.000000,1.000000,0,0.000000,,0,0.000000,
advvqa-packet5-b-A0sybq8aS0vV0YnE68wa,advvqa-packet5-b-A0sybq8aS0vV0YnE68wa#2,2,<b>Toffoli gate/CCNOT gate</b>,1,1,1,1.000000,0.000000,0,0.000000,,0,0.000000,
advvqa-packet5-b-A0sybq8aS0vV0YnE68wa,advvqa-packet5-b-A0sybq8aS0vV0YnE68wa#3,3,<b>Hadamard gate</b>,1,1,1,1.000000,0.000000,0,0.000000,,0,0.000000,
advvqa-packet5-b-B79Wa1zS67TPcJeWfvAN,advvqa-packet5-b-B79Wa1zS67TPcJeWfvAN#1,1,<b>Continental Celtic languages/Celtic languages</b>,1,1,1,1.000000,0.000000,0,0.000000,,0,0.000000,
advvqa-packet5-b-B79Wa1zS67TPcJeWfvAN,advvqa-packet5-b-B79Wa1zS67TPcJeWfvAN#2,2,<b>Ainu languages</b>,1,1,1,1.000000,0.000000,0,0.000000,,0,0.000000,
advvqa-packet5-b-B79Wa1zS67TPcJeWfvAN,advvqa-packet5-b-B79Wa1zS67TPcJeWfvAN#3,3,<b>Coptic/Egyptian</b>,1,1,1,1.000000,1.000000,0,0.000000,,0,0.000000,
advvqa-packet5-b-CkRAqImfx4uSQFuJQerq,advvqa-packet5-b-CkRAqImfx4uSQFuJQerq#1,1,<b>Magnetic flux density/B</b>,1,1,1,1.000000,1.000000,0,0.000000,,0,0.000000,
advvqa-packet5-b-CkRAqImfx4uSQFuJQerq,advvqa-packet5-b-CkRAqImfx4uSQFuJQerq#2,2,<b>Capacitance/C</b>,1,1,1,1.000000,1.000000,0,0.000000,,0,0.000000,
advvqa-packet5-b-CkRAqImfx4uSQFuJQerq,advvqa-packet5-b-CkRAqImfx4uSQFuJQerq#3,3,<b>Radioactivity</b>,1,1,1,1.000000,1.000000,0,0.000000,,0,0.000000,
advvqa-packet5-b-kyljRmn9h0TShMOnPt0T,advvqa-packet5-b-kyljRmn9h0TShMOnPt0T#1,1,<b>Taj Mahal</b>,1,1,1,1.000000,1.000000,0,0.000000,,0,0.000000,
advvqa-packet5-b-kyljRmn9h0TShMOnPt0T,advvqa-packet5-b-kyljRmn9h0TShMOnPt0T#2,2,<b>Christ the Redeemer</b>,1,1,1,1.000000,1.000000,0,0.000000,,0,0.000000,
advvqa-packet5-b-kyljRmn9h0TShMOnPt0T,advvqa-packet5-b-kyljRmn9h0TShMOnPt0T#3,3,<b>Burj Al Arab</b>,1,1,1,1.000000,0.000000,0,0.000000,,0,0.000000,
advvqa-packet5-b-l77X1iqdtk6c2FVPelD3,advvqa-packet5-b-l77X1iqdtk6c2FVPelD3#1,1,"<b>William M. ""Boss"" Tweed</b>",1,1,1,1.000000,1.000000,0,0.000000,,0,0.000000,
advvqa-packet5-b-l77X1iqdtk6c2FVPelD3,advvqa-packet5-b-l77X1iqdtk6c2FVPelD3#2,2,<b>Louis-Philippe</b>,1,1,1,1.000000,1.000000,0,0.000000,,0,0.000000,
advvqa-packet5-b-l77X1iqdtk6c2FVPelD3,advvqa-packet5-b-l77X1iqdtk6c2FVPelD3#3,3,<b>Otto von Bismarck</b>,1,1,1,1.000000,0.000000,0,0.000000,,0,0.000000,
advvqa-packet5-b-liLieLemlcZEa0EpPe0Y,advvqa-packet5-b-liLieLemlcZEa0EpPe0Y#1,1,<b>Chebyshev distance/maximum metric/supremum metric/L-infinity metric</b>,1,1,1,1.000000,0.000000,0,0.000000,,0,0.000000,
advvqa-packet5-b-liLieLemlcZEa0EpPe0Y,advvqa-packet5-b-liLieLemlcZEa0EpPe0Y#2,2,<b>edit distance/Levenshtein distance/Damerau-Levenshtein distance</b>,1,1,1,1.000000,1.000000,0,0.000000,,0,0.000000,
advvqa-packet5-b-liLieLemlcZEa0EpPe0Y,advvqa-packet5-b-liLieLemlcZEa0EpPe0Y#3,3,<b>Mahalanobis distance</b>,1,1,1,1.000000,0.000000,0,0.000000,,0,0.000000,
advvqa-packet5-b-nE0hRkUiv4spOjGCPI5V,advvqa-packet5-b-nE0hRkUiv4spOjGCPI5V#1,1,"<b>Triangular numbers/sum of positive integers, or that the sum of the first n numbers is n(n+1)/2</b>",1,1,1,1.000000,1.000000,0,0.000000,,0,0.000000,
advvqa-packet5-b-nE0hRkUiv4spOjGCPI5V,advvqa-packet5-b-nE0hRkUiv4spOjGCPI5V#2,2,<b>Squared triangular number/sum of cubes/Nicomachus's theorem or simply that the sum of the first n cubes is the cube of the sum of 1 to n</b>,1,1,1,1.000000,1.000000,0,0.000000,,0,0.000000,
advvqa-packet5-b-nE0hRkUiv4spOjGCPI5V,advvqa-packet5-b-nE0hRkUiv4spOjGCPI5V#3,3,<b>Pizza theorem</b>,1,1,1,1.000000,0.000000,0,0.000000,,0,0.000000,
advvqa-packet5-b-thxXKq7PBLY8EShfF1Gq,advvqa-packet5-b-thxXKq7PBLY8EShfF1Gq#1,1,<b>Hebrew</b>,1,1,1,1.000000,1.000000,0,0.000000,,0,0.000000,
advvqa-packet5-b-thxXKq7PBLY8EShfF1Gq,advvqa-packet5-b-thxXKq7PBLY8EShfF1Gq#2,2,<b>Old Persian __**cuneiform**__</b>,1,1,1,1.000000,1.000000,0,0.000000,,0,0.000000,
advvqa-packet5-b-thxXKq7PBLY8EShfF1Gq,advvqa-packet5-b-thxXKq7PBLY8EShfF1Gq#3,3,<b>Devanagari</b>,1,1,1,1.000000,1.000000,0,0.000000,,0,0.000000,
advvqa-packet6-b-1j4d3lJUXVn2rNeT3Xrd,advvqa-packet6-b-1j4d3lJUXVn2rNeT3Xrd#1,1,<b>inauguration</b>,4,4,2,0.500000,1.000000,2,0.500000,1.000000,0,0.000000,
advvqa-packet6-b-1j4d3lJUXVn2rNeT3Xrd,advvqa-packet6-b-1j4d3lJUXVn2rNeT3Xrd#2,2,<b>Amanda _Gorman_</b>,4,4,2,0.500000,1.000000,2,0.500000,1.000000,0,0.000000,
advvqa-packet6-b-1j4d3lJUXVn2rNeT3Xrd,advvqa-packet6-b-1j4d3lJUXVn2rNeT3Xrd#3,3,<b>Maya _Angelou_</b>,4,4,2,0.500000,1.000000,2,0.500000,1.000000,0,0.000000,
advvqa-packet6-b-27fTybfQpqS2jHuBGUS3,advvqa-packet6-b-27fTybfQpqS2jHuBGUS3#1,1,<b>Mozart</b>,5,5,3,0.600000,0.666667,2,0.400000,1.000000,0,0.000000,
advvqa-packet6-b-27fTybfQpqS2jHuBGUS3,advvqa-packet6-b-27fTybfQpqS2jHuBGUS3#2,2,<b>Vivaldi</b>,5,5,3,0.600000,1.000000,2,0.400000,0.500000,0,0.000000,
advvqa-packet6-b-27fTybfQpqS2jHuBGUS3,advvqa-packet6-b-27fTybfQpqS2jHuBGUS3#3,3,<b>Tchaikovsky</b>,5,5,1,0.200000,1.000000,4,0.800000,0.000000,0,0.000000,
advvqa-packet6-b-4LZja6b3chGQMaE0m3fu,advvqa-packet6-b-4LZja6b3chGQMaE0m3fu#1,1,<b>McDonald's</b>,5,5,1,0.200000,1.000000,3,0.600000,1.000000,1,0.200000,0.000000
advvqa-packet6-b-4LZja6b3chGQMaE0m3fu,advvqa-packet6-b-4LZja6b3chGQMaE0m3fu#2,2,<b>Wendy's</b>,5,5,2,0.400000,1.000000,3,0.600000,0.000000,0,0.000000,
advvqa-packet6-b-4LZja6b3chGQMaE0m3fu,advvqa-packet6-b-4LZja6b3chGQMaE0m3fu#3,3,<b>Burger King</b>,5,5,1,0.200000,1.000000,3,0.600000,1.000000,1,0.200000,1.000000
advvqa-packet6-b-5TP90iSsw4rkTsMF4oGI,advvqa-packet6-b-5TP90iSsw4rkTsMF4oGI#1,1,<b>Lotte World Tower</b>,5,5,1,0.200000,1.000000,3,0.600000,1.000000,1,0.200000,0.000000
advvqa-packet6-b-5TP90iSsw4rkTsMF4oGI,advvqa-packet6-b-5TP90iSsw4rkTsMF4oGI#2,2,<b>Samsung Town [accept Samsung Seocho Town]</b>,5,5,2,0.400000,0.500000,3,0.600000,0.666667,0,0.000000,
advvqa-packet6-b-5TP90iSsw4rkTsMF4oGI,advvqa-packet6-b-5TP90iSsw4rkTsMF4oGI#3,3,<b>Hwaseong Fortress</b>,5,5,1,0.200000,1.000000,4,0.800000,1.000000,0,0.000000,
advvqa-packet6-b-9WzmiSe6YUFAFljrubkF,advvqa-packet6-b-9WzmiSe6YUFAFljrubkF#1,1,<b>Norway rat</b>,5,5,2,0.400000,0.000000,3,0.600000,0.666667,0,0.000000,
advvqa-packet6-b-9WzmiSe6YUFAFljrubkF,advvqa-packet6-b-9WzmiSe6YUFAFljrubkF#2,2,<b>guinea pig</b>,5,5,5,1.000000,1.000000,0,0.000000,,0,0.000000,
advvqa-packet6-b-9WzmiSe6YUFAFljrubkF,advvqa-packet6-b-9WzmiSe6YUFAFljrubkF#3,3,<b>Turkey</b>,5,5,2,0.400000,1.000000,3,0.600000,0.666667,0,0.000000,
advvqa-packet6-b-9X9vNhMfNIXdhqQkaCiH,advvqa-packet6-b-9X9vNhMfNIXdhqQkaCiH#1,1,<b>MacGuffin</b>,5,5,5,1.000000,0.800000,0,0.000000,,0,0.000000,
advvqa-packet6-b-9X9vNhMfNIXdhqQkaCiH,advvqa-packet6-b-9X9vNhMfNIXdhqQkaCiH#2,2,<b>Office Space</b>,5,5,3,0.600000,1.000000,2,0.400000,1.000000,0,0.000000,
advvqa-packet6-b-9X9vNhMfNIXdhqQkaCiH,advvqa-packet6-b-9X9vNhMfNIXdhqQkaCiH#3,3,<b>Who Framed Roger Rabbit?</b>,5,5,4,0.800000,0.750000,1,0.200000,1.000000,0,0.000000,
advvqa-packet6-b-Ds73TVNCf40b540Eb8jf,advvqa-packet6-b-Ds73TVNCf40b540Eb8jf#1,1,<b>Stonehenge</b>,5,5,1,0.200000,1.000000,2,0.400000,1.000000,2,0.400000,1.000000
advvqa-packet6-b-Ds73TVNCf40b540Eb8jf,advvqa-packet6-b-Ds73TVNCf40b540Eb8jf#2,2,<b>_Tess_ Durbeyfield [accept Tess of the D’Urbervilles]</b>,5,5,4,0.800000,0.500000,1,0.200000,1.000000,0,0.000000,
advvqa-packet6-b-Ds73TVNCf40b540Eb8jf,advvqa-packet6-b-Ds73TVNCf40b540Eb8jf#3,3,<b>Thomas _Hardy_</b>,5,5,5,1.000000,1.000000,0,0.000000,,0,0.000000,
advvqa-packet6-b-JKzbXbLotS8SBmmMOJUg,advvqa-packet6-b-JKzbXbLotS8SBmmMOJUg#1,1,<b>Google docs</b>,5,5,4,0.800000,1.000000,1,0.200000,0.000000,0,0.000000,
advvqa-packet6-b-JKzbXbLotS8SBmmMOJUg,advvqa-packet6-b-JKzbXbLotS8SBmmMOJUg#2,2,<b>Google sheets</b>,5,5,4,0.800000,1.000000,1,0.200000,1.000000,0,0.000000,
advvqa-packet6-b-JKzbXbLotS8SBmmMOJUg,advvqa-packet6-b-JKzbXbLotS8SBmmMOJUg#3,3,<b>Google slides</b>,5,5,3,0.600000,1.000000,2,0.400000,0.500000,0,0.000000,
advvqa-packet6-b-KbD9Q2kqmTfqG4N0mMkB,advvqa-packet6-b-KbD9Q2kqmTfqG4N0mMkB#1,1,<b>Adam</b>,5,5,4,0.800000,1.000000,1,0.200000,1.000000,0,0.000000,
advvqa-packet6-b-KbD9Q2kqmTfqG4N0mMkB,advvqa-packet6-b-KbD9Q2kqmTfqG4N0mMkB#2,2,<b>Joseph [accept Joseph son of Jacob]</b>,5,5,5,1.000000,1.000000,0,0.000000,,0,0.000000,
advvqa-packet6-b-KbD9Q2kqmTfqG4N0mMkB,advvqa-packet6-b-KbD9Q2kqmTfqG4N0mMkB#3,3,<b>Jesus</b>,5,5,2,0.400000,1.000000,3,0.600000,0.666667,0,0.000000,
advvqa-packet6-b-P6C5mz8x6Z4d7hhm29Z3,advvqa-packet6-b-P6C5mz8x6Z4d7hhm29Z3#1,1,<b>Harvey Mudd College</b>,5,5,1,0.200000,1.000000,3,0.600000,0.000000,1,0.200000,1.000000
advvqa-packet6-b-P6C5mz8x6Z4d7hhm29Z3,advvqa-packet6-b-P6C5mz8x6Z4d7hhm29Z3#2,2,<b>College of William and Mary</b>,5,5,0,0.000000,,5,1.000000,0.800000,0,0.000000,
advvqa-packet6-b-P6C5mz8x6Z4d7hhm29Z3,advvqa-packet6-b-P6C5mz8x6Z4d7hhm29Z3#3,3,<b>Massachusetts Institute of Technology</b>,5,5,5,1.000000,0.800000,0,0.000000,,0,0.000000,
advvqa-packet6-b-PwecFuqz9PkW7w9i3h89,advvqa-packet6-b-PwecFuqz9PkW7w9i3h89#1,1,<b>Love Yourself</b>,5,5,0,0.000000,,3,0.600000,0.000000,2,0.400000,1.000000
advvqa-packet6-b-PwecFuqz9PkW7w9i3h89,advvqa-packet6-b-PwecFuqz9PkW7w9i3h89#2,2,<b>Hymn for the Weekend</b>,5,5,1,0.200000,0.000000,3,0.600000,0.000000,1,0.200000,1.000000
advvqa-packet6-b-PwecFuqz9PkW7w9i3h89,advvqa-packet6-b-PwecFuqz9PkW7w9i3h89#3,3,<b>Only Girl (In the World)</b>,5,5,1,0.200000,0.000000,2,0.400000,0.000000,2,0.400000,1.000000
advvqa-packet6-b-QhxKV9V9gkaGoY3XajGy,advvqa-packet6-b-QhxKV9V9gkaGoY3XajGy#1,1,<b>Claudius</b>,5,5,4,0.800000,0.250000,1,0.200000,1.000000,0,0.000000,
advvqa-packet6-b-QhxKV9V9gkaGoY3XajGy,advvqa-packet6-b-QhxKV9V9gkaGoY3XajGy#2,2,<b>Puyi</b>,5,5,2,0.400000,0.500000,2,0.400000,0.000000,1,0.200000,1.000000
advvqa-packet6-b-QhxKV9V9gkaGoY3XajGy,advvqa-packet6-b-QhxKV9V9gkaGoY3XajGy#3,3,<b>Thabo Mbeki</b>,5,5,2,0.400000,0.000000,2,0.400000,0.500000,1,0.200000,1.000000
advvqa-packet6-b-QoQBrjxPW5Rvb2L6fFQB,advvqa-packet6-b-QoQBrjxPW5Rvb2L6fFQB#1,1,<b>La traviata</b>,5,5,3,0.600000,1.000000,2,0.400000,0.500000,0,0.000000,
advvqa-packet6-b-QoQBrjxPW5Rvb2L6fFQB,advvqa-packet6-b-QoQBrjxPW5Rvb2L6fFQB#2,2,<b>Turandot</b>,5,5,3,0.600000,0.666667,2,0.400000,0.500000,0,0.000000,
advvqa-packet6-b-QoQBrjxPW5Rvb2L6fFQB,advvqa-packet6-b-QoQBrjxPW5Rvb2L6fFQB#3,3,<b>Carmen</b>,5,5,1,0.200000,0.000000,4,0.800000,0.500000,0,0.000000,
advvqa-packet6-b-baTETx2Qtc2mKc3ksFQM,advvqa-packet6-b-baTETx2Qtc2mKc3ksFQM#1,1,<b>The Treaty of Tordesillas line</b>,5,5,4,0.800000,1.000000,1,0.200000,0.000000,0,0.000000,
advvqa-packet6-b-baTETx2Qtc2mKc3ksFQM,advvqa-packet6-b-baTETx2Qtc2mKc3ksFQM#2,2,<b>The Radcliffe Line</b>,5,5,3,0.600000,0.000000,1,0.200000,1.000000,1,0.200000,1.000000
advvqa-packet6-b-baTETx2Qtc2mKc3ksFQM,advvqa-packet6-b-baTETx2Qtc2mKc3ksFQM#3,3,<b>The Mason–Dixon Line</b>,5,5,5,1.000000,1.000000,0,0.000000,,0,0.000000,
advvqa-packet6-b-gOnh0BaPNHev67IEDmFl,advvqa-packet6-b-gOnh0BaPNHev67IEDmFl#1,1,<b>Richard Feynman</b>,5,5,5,1.000000,1.000000,0,0.000000,,0,0.000000,
advvqa-packet6-b-gOnh0BaPNHev67IEDmFl,advvqa-packet6-b-gOnh0BaPNHev67IEDmFl#2,2,<b>Albert Einstein</b>,5,5,5,1.000000,1.000000,0,0.000000,,0,0.000000,
advvqa-packet6-b-gOnh0BaPNHev67IEDmFl,advvqa-packet6-b-gOnh0BaPNHev67IEDmFl#3,3,<b>William Herschel</b>,5,5,3,0.600000,1.000000,2,0.400000,1.000000,0,0.000000,
advvqa-packet6-b-lakRBjQNxYPIm34I5v5P,advvqa-packet6-b-lakRBjQNxYPIm34I5v5P#1,1,<b>the _Nautilus_</b>,5,5,2,0.400000,1.000000,3,0.600000,1.000000,0,0.000000,
advvqa-packet6-b-lakRBjQNxYPIm34I5v5P,advvqa-packet6-b-lakRBjQNxYPIm34I5v5P#2,2,<b>Captain _Nemo_</b>,5,5,4,0.800000,1.000000,1,0.200000,1.000000,0,0.000000,
advvqa-packet6-b-lakRBjQNxYPIm34I5v5P,advvqa-packet6-b-lakRBjQNxYPIm34I5v5P#3,3,<b>Maelstrom (do not accept whirlpool)</b>,5,5,4,0.800000,1.000000,1,0.200000,1.000000,0,0.000000,
advvqa-packet6-b-nbgvUfl5c6bosMHTpTEI,advvqa-packet6-b-nbgvUfl5c6bosMHTpTEI#1,1,<b>Capuccino</b>,5,5,1,0.200000,1.000000,4,0.800000,1.000000,0,0.000000,
advvqa-packet6-b-nbgvUfl5c6bosMHTpTEI,advvqa-packet6-b-nbgvUfl5c6bosMHTpTEI#2,2,<b>Americano</b>,5,5,1,0.200000,1.000000,3,0.600000,1.000000,1,0.200000,0.000000
advvqa-packet6-b-nbgvUfl5c6bosMHTpTEI,advvqa-packet6-b-nbgvUfl5c6bosMHTpTEI#3,3,<b>Flat white</b>,5,5,2,0.400000,0.000000,3,0.600000,0.000000,0,0.000000,
advvqa-packet6-b-qdCUlmDzT4TMxNjhewdp,advvqa-packet6-b-qdCUlmDzT4TMxNjhewdp#1,1,<b>microkernel</b>,5,5,1,0.200000,1.000000,4,0.800000,1.000000,0,0.000000,
advvqa-packet6-b-qdCUlmDzT4TMxNjhewdp,advvqa-packet6-b-qdCUlmDzT4TMxNjhewdp#2,2,<b>Rust</b>,5,5,3,0.600000,0.666667,2,0.400000,0.500000,0,0.000000,
advvqa-packet6-b-qdCUlmDzT4TMxNjhewdp,advvqa-packet6-b-qdCUlmDzT4TMxNjhewdp#3,3,<b>University of Minnesota</b>,5,5,2,0.400000,1.000000,3,0.600000,1.000000,0,0.000000,
advvqa-packet6-b-s6w3jBy4L5XdERgBD3Q5,advvqa-packet6-b-s6w3jBy4L5XdERgBD3Q5#1,1,<b>_comic book_ characters [accept super_hero_es]</b>,5,5,5,1.000000,1.000000,0,0.000000,,0,0.000000,
advvqa-packet6-b-s6w3jBy4L5XdERgBD3Q5,advvqa-packet6-b-s6w3jBy4L5XdERgBD3Q5#2,2,<b>The _Amazing Adventures of Kavalier and Clay_</b>,5,5,4,0.800000,0.750000,1,0.200000,1.000000,0,0.000000,
advvqa-packet6-b-s6w3jBy4L5XdERgBD3Q5,advvqa-packet6-b-s6w3jBy4L5XdERgBD3Q5#3,3,<b>The _Yiddish Policeman's Union_</b>,5,5,2,0.400000,0.500000,3,0.600000,1.000000,0,0.000000,
advvqa-packet6-b-tDd5rVIqTXVxBJLadeWp,advvqa-packet6-b-tDd5rVIqTXVxBJLadeWp#1,1,<b>Vietnam War</b>,5,5,5,1.000000,1.000000,0,0.000000,,0,0.000000,
advvqa-packet6-b-tDd5rVIqTXVxBJLadeWp,advvqa-packet6-b-tDd5rVIqTXVxBJLadeWp#2,2,<b>Civil War</b>,5,5,4,0.800000,1.000000,1,0.200000,0.000000,0,0.000000,
advvqa-packet6-b-tDd5rVIqTXVxBJLadeWp,advvqa-packet6-b-tDd5rVIqTXVxBJLadeWp#3,3,<b>Iraq War</b>,5,5,4,0.800000,1.000000,1,0.200000,1.000000,0,0.000000,
